CLASS,INSTRUCTION_MISSED,INSTRUCTION_COVERED,BRANCH_MISSED,BRANCH_COVERED,LINE_MISSED,LINE_COVERED,COMPLEXITY_MISSED,COMPLEXITY_COVERED,METHOD_MISSED,METHOD_COVERED,Test Case
AlreadySelectedException,0,36,0,0,0,9,0,4,0,4,OptionGroupTest
BasicParser,0,5,0,0,0,2,0,2,0,2,BasicParserTest
CommandLine,272,13,32,0,58,4,35,1,19,1,OptionsTest
CommandLine,252,33,31,1,54,8,33,3,17,3,BugCLI133Test
CommandLine,219,66,26,6,44,18,27,9,14,6,OptionGroupTest
CommandLine,215,70,27,5,47,15,30,6,15,5,BugCLI148Test
CommandLine,210,75,22,10,45,17,28,8,17,3,CommandLineTest
CommandLine,203,82,22,10,46,16,27,9,15,5,BugCLI71Test
CommandLine,176,109,20,12,39,23,25,11,13,7,ParseRequiredTest
CommandLine,169,116,19,13,38,24,23,13,12,8,ApplicationTest
CommandLine,169,116,21,11,38,24,25,11,12,8,BugCLI13Test
CommandLine,167,118,20,12,37,25,25,11,13,7,ArgumentIsOptionTest
CommandLine,150,135,16,16,33,29,19,17,11,9,ValuesTest
CommandLine,150,135,16,16,33,29,19,17,11,9,ValueTest
CommandLine,148,137,19,13,32,30,20,16,9,11,BasicParserTest
CommandLine,148,137,19,13,32,30,20,16,9,11,GnuParserTest
CommandLine,148,137,19,13,32,30,20,16,9,11,PosixParserTest
CommandLine,126,159,15,17,28,34,15,21,7,13,BugsTest
CommandLine,112,173,15,17,25,37,17,19,8,12,PatternOptionBuilderTest
GnuParser,91,54,13,7,19,14,9,3,0,2,ParseRequiredTest
GnuParser,55,90,6,14,11,22,5,7,0,2,BugsTest
GnuParser,52,93,8,12,13,20,7,5,0,2,ApplicationTest
GnuParser,52,93,7,13,13,20,6,6,0,2,CommandLineTest
GnuParser,0,145,0,20,0,33,0,12,0,2,GnuParserTest
HelpFormatter,514,373,85,27,118,82,79,16,26,13,BugsTest
HelpFormatter,387,500,64,48,96,104,68,27,26,13,ApplicationTest
HelpFormatter,331,556,60,52,85,115,62,33,23,16,BugCLI162Test
HelpFormatter,316,571,53,59,78,122,64,31,26,13,BugCLI18Test
HelpFormatter,114,773,16,96,21,179,22,73,7,32,HelpFormatterTest
MissingArgumentException,3,18,0,0,1,5,1,2,1,2,BugsTest
MissingArgumentException,0,21,0,0,0,6,0,3,0,3,BasicParserTest
MissingArgumentException,0,21,0,0,0,6,0,3,0,3,GnuParserTest
MissingArgumentException,0,21,0,0,0,6,0,3,0,3,PosixParserTest
MissingArgumentException,0,21,0,0,0,6,0,3,0,3,BugCLI71Test
MissingOptionException,8,48,2,4,2,13,3,4,1,3,BugsTest
MissingOptionException,5,51,2,4,1,14,2,5,0,4,PatternOptionBuilderTest
MissingOptionException,3,53,0,6,1,14,1,6,1,3,OptionsTest
MissingOptionException,0,56,0,6,0,15,0,7,0,4,ParseRequiredTest
Option,414,52,67,3,93,18,71,6,36,6,BugCLI133Test
Option,402,64,63,7,92,19,67,10,34,8,BugCLI18Test
Option,375,91,60,10,83,28,61,16,29,13,BugCLI162Test
Option,363,103,62,8,77,34,57,20,25,17,OptionBuilderTest
Option,341,125,57,13,71,40,52,25,23,19,HelpFormatterTest
Option,326,140,59,11,70,41,57,20,23,19,BugCLI71Test
Option,325,141,58,12,65,46,56,21,23,19,OptionGroupTest
Option,310,156,60,10,61,50,54,23,19,23,BugCLI148Test
Option,306,160,51,19,69,42,57,20,25,17,ArgumentIsOptionTest
Option,302,164,59,11,58,53,52,25,17,25,BugCLI13Test
Option,296,170,49,21,67,44,54,23,24,18,BasicParserTest
Option,272,194,51,19,54,57,49,28,17,25,ParseRequiredTest
Option,271,195,52,18,53,58,49,28,16,26,PatternOptionBuilderTest
Option,259,207,54,16,50,61,47,30,16,26,CommandLineTest
Option,257,209,44,26,53,58,51,26,23,19,OptionsTest
Option,248,218,40,30,58,53,45,32,19,23,OptionTest
Option,219,247,43,27,43,68,41,36,15,27,GnuParserTest
Option,216,250,42,28,42,69,40,37,15,27,PosixParserTest
Option,216,250,40,30,42,69,38,39,15,27,ValuesTest
Option,216,250,40,30,42,69,38,39,15,27,ValueTest
Option,211,255,40,30,41,70,38,39,13,29,ApplicationTest
Option,185,281,38,32,36,75,33,44,9,33,BugsTest
OptionBuilder,81,61,4,0,37,24,18,4,16,4,OptionGroupTest
OptionBuilder,73,69,4,0,33,28,16,6,14,6,BugCLI148Test
OptionBuilder,68,74,3,1,31,30,15,7,13,7,OptionsTest
OptionBuilder,65,77,4,0,29,32,14,8,12,8,GnuParserTest
OptionBuilder,65,77,4,0,29,32,14,8,12,8,ParseRequiredTest
OptionBuilder,65,77,2,2,31,30,14,8,13,7,PatternOptionBuilderTest
OptionBuilder,65,77,4,0,29,32,14,8,12,8,BugCLI13Test
OptionBuilder,64,78,3,1,28,33,14,8,12,8,HelpFormatterTest
OptionBuilder,58,84,3,1,26,35,13,9,11,9,CommandLineTest
OptionBuilder,56,86,3,1,25,36,12,10,10,10,PosixParserTest
OptionBuilder,46,96,3,1,20,41,10,12,8,12,BugsTest
OptionBuilder,46,96,3,1,20,41,11,11,9,11,ValuesTest
OptionBuilder,46,96,3,1,20,41,11,11,9,11,ValueTest
OptionBuilder,45,97,3,1,20,41,10,12,8,12,OptionBuilderTest
OptionBuilder,38,104,1,3,18,43,8,14,7,13,ApplicationTest
OptionComparator,0,12,0,0,0,3,0,1,0,1,ApplicationTest
OptionComparator,0,12,0,0,0,3,0,1,0,1,HelpFormatterTest
OptionComparator,0,12,0,0,0,3,0,1,0,1,BugCLI18Test
OptionComparator,0,12,0,0,0,3,0,1,0,1,BugCLI162Test
OptionGroup,97,24,10,0,26,6,10,4,5,4,OptionsTest
OptionGroup,97,24,10,0,26,6,10,4,5,4,BugCLI162Test
OptionGroup,93,28,10,0,24,8,9,5,4,5,HelpFormatterTest
OptionGroup,22,99,2,8,5,27,4,10,2,7,BugsTest
OptionGroup,4,117,1,9,2,30,2,12,1,8,OptionGroupTest
Options,167,50,14,2,33,12,17,4,9,4,BugCLI133Test
Options,152,65,13,3,31,14,15,6,8,5,BugCLI18Test
Options,129,88,10,6,27,18,13,8,6,7,BugCLI148Test
Options,122,95,9,7,26,19,12,9,6,7,CommandLineTest
Options,122,95,10,6,26,19,13,8,6,7,BugCLI13Test
Options,122,95,10,6,26,19,13,8,6,7,BugCLI71Test
Options,121,96,11,5,23,22,15,6,8,5,BugCLI162Test
Options,115,102,12,4,23,22,12,9,4,9,ArgumentIsOptionTest
Options,115,102,8,8,24,21,11,10,5,8,PatternOptionBuilderTest
Options,104,113,8,8,23,22,10,11,5,8,BasicParserTest
Options,104,113,7,9,23,22,9,12,5,8,GnuParserTest
Options,104,113,7,9,23,22,9,12,5,8,PosixParserTest
Options,101,116,9,7,22,23,10,11,4,9,ApplicationTest
Options,101,116,9,7,22,23,10,11,4,9,ValuesTest
Options,101,116,9,7,22,23,10,11,4,9,ValueTest
Options,100,117,7,9,22,23,10,11,5,8,ParseRequiredTest
Options,85,132,7,9,16,29,9,12,5,8,HelpFormatterTest
Options,76,141,6,10,15,30,9,12,4,9,OptionGroupTest
Options,47,170,2,14,10,35,5,16,3,10,BugsTest
Options,38,179,6,10,5,40,7,14,2,11,OptionsTest
OptionValidator,59,22,14,4,7,7,10,3,1,3,BasicParserTest
OptionValidator,59,22,14,4,7,7,10,3,1,3,GnuParserTest
OptionValidator,59,22,14,4,7,7,10,3,1,3,OptionTest
OptionValidator,59,22,14,4,7,7,10,3,1,3,ParseRequiredTest
OptionValidator,59,22,14,4,7,7,10,3,1,3,PatternOptionBuilderTest
OptionValidator,59,22,14,4,7,7,10,3,1,3,BugCLI13Test
OptionValidator,59,22,14,4,7,7,10,3,1,3,BugCLI71Test
OptionValidator,59,22,14,4,7,7,10,3,1,3,BugCLI133Test
OptionValidator,59,22,14,4,7,7,10,3,1,3,BugCLI148Test
OptionValidator,58,23,13,5,6,8,9,4,1,3,CommandLineTest
OptionValidator,58,23,13,5,6,8,9,4,1,3,HelpFormatterTest
OptionValidator,58,23,13,5,6,8,9,4,1,3,OptionGroupTest
OptionValidator,58,23,13,5,6,8,9,4,1,3,OptionsTest
OptionValidator,58,23,13,5,6,8,9,4,1,3,PosixParserTest
OptionValidator,58,23,13,5,6,8,9,4,1,3,ValuesTest
OptionValidator,58,23,13,5,6,8,9,4,1,3,ValueTest
OptionValidator,58,23,13,5,6,8,9,4,1,3,BugCLI18Test
OptionValidator,58,23,13,5,6,8,9,4,1,3,BugCLI162Test
OptionValidator,43,38,10,8,4,10,8,5,1,3,ArgumentIsOptionTest
OptionValidator,42,39,9,9,3,11,7,6,1,3,ApplicationTest
OptionValidator,42,39,9,9,3,11,7,6,1,3,BugsTest
OptionValidator,4,77,2,16,2,12,3,10,1,3,OptionBuilderTest
ParseException,0,4,0,0,0,2,0,1,0,1,BasicParserTest
ParseException,0,4,0,0,0,2,0,1,0,1,BugsTest
ParseException,0,4,0,0,0,2,0,1,0,1,GnuParserTest
ParseException,0,4,0,0,0,2,0,1,0,1,OptionGroupTest
ParseException,0,4,0,0,0,2,0,1,0,1,OptionsTest
ParseException,0,4,0,0,0,2,0,1,0,1,ParseRequiredTest
ParseException,0,4,0,0,0,2,0,1,0,1,PatternOptionBuilderTest
ParseException,0,4,0,0,0,2,0,1,0,1,PosixParserTest
ParseException,0,4,0,0,0,2,0,1,0,1,BugCLI71Test
Parser,274,77,60,6,77,21,37,8,5,7,OptionsTest
Parser,264,87,60,6,73,25,36,9,4,8,BugCLI133Test
Parser,195,156,46,20,53,45,32,13,3,9,OptionGroupTest
Parser,186,165,46,20,50,48,32,13,2,10,BugCLI13Test
Parser,186,165,46,20,50,48,32,13,2,10,BugCLI148Test
Parser,182,169,44,22,50,48,31,14,2,10,ArgumentIsOptionTest
Parser,175,176,42,24,48,50,30,15,2,10,CommandLineTest
Parser,174,177,43,23,48,50,29,16,2,10,ParseRequiredTest
Parser,170,181,40,26,47,51,28,17,2,10,BugCLI71Test
Parser,166,185,41,25,47,51,28,17,1,11,ApplicationTest
Parser,166,185,40,26,45,53,28,17,2,10,PatternOptionBuilderTest
Parser,102,249,28,38,28,70,20,25,1,11,PosixParserTest
Parser,101,250,25,41,26,72,20,25,1,11,ValuesTest
Parser,101,250,25,41,26,72,20,25,1,11,ValueTest
Parser,100,251,27,39,27,71,19,26,1,11,BasicParserTest
Parser,100,251,27,39,27,71,19,26,1,11,GnuParserTest
Parser,60,291,21,45,21,77,15,30,0,12,BugsTest
PatternOptionBuilder,59,232,10,52,2,56,11,29,1,4,PatternOptionBuilderTest
PosixParser,228,37,43,1,52,10,26,3,4,3,OptionsTest
PosixParser,228,37,43,1,52,10,26,3,4,3,BugCLI133Test
PosixParser,165,100,33,11,33,29,21,8,1,6,ParseRequiredTest
PosixParser,165,100,33,11,33,29,21,8,1,6,BugCLI13Test
PosixParser,165,100,33,11,33,29,21,8,1,6,BugCLI71Test
PosixParser,161,104,31,13,33,29,20,9,1,6,ArgumentIsOptionTest
PosixParser,138,127,29,15,27,35,20,9,1,6,OptionGroupTest
PosixParser,138,127,29,15,27,35,20,9,1,6,ValuesTest
PosixParser,138,127,29,15,27,35,20,9,1,6,ValueTest
PosixParser,116,149,27,17,24,38,18,11,0,7,PatternOptionBuilderTest
PosixParser,114,151,26,18,25,37,20,9,1,6,ApplicationTest
PosixParser,101,164,27,17,22,40,19,10,0,7,BugCLI148Test
PosixParser,74,191,23,21,16,46,18,11,0,7,BugsTest
PosixParser,0,265,0,44,0,62,0,29,0,7,PosixParserTest
TypeHandler,11,160,1,19,4,42,2,18,1,9,PatternOptionBuilderTest
UnrecognizedOptionException,0,14,0,0,0,6,0,3,0,3,BasicParserTest
UnrecognizedOptionException,0,14,0,0,0,6,0,3,0,3,GnuParserTest
UnrecognizedOptionException,0,14,0,0,0,6,0,3,0,3,PosixParserTest
Util,49,4,9,1,11,2,7,1,2,1,BugCLI133Test
Util,41,12,7,3,9,4,7,1,2,1,OptionsTest
Util,29,24,5,5,7,6,5,3,2,1,OptionGroupTest
Util,25,28,4,6,5,8,5,3,1,2,ArgumentIsOptionTest
Util,25,28,4,6,5,8,5,3,1,2,ParseRequiredTest
Util,25,28,4,6,5,8,5,3,1,2,PatternOptionBuilderTest
Util,25,28,4,6,5,8,5,3,1,2,BugCLI13Test
Util,25,28,4,6,5,8,5,3,1,2,BugCLI71Test
Util,19,34,3,7,4,9,4,4,1,2,ApplicationTest
Util,19,34,3,7,4,9,4,4,1,2,BasicParserTest
Util,19,34,3,7,4,9,4,4,1,2,CommandLineTest
Util,19,34,3,7,4,9,4,4,1,2,GnuParserTest
Util,19,34,3,7,4,9,4,4,1,2,PosixParserTest
Util,19,34,3,7,4,9,4,4,1,2,ValuesTest
Util,19,34,3,7,4,9,4,4,1,2,ValueTest
Util,11,42,2,8,3,10,3,5,1,2,BugCLI148Test
Util,5,48,1,9,2,11,2,6,1,2,BugsTest
Util,5,48,3,7,2,11,4,4,1,2,UtilTest